<?xml version="1.0" encoding="utf-8" standalone="yes" ?>
<rss version="2.0" xmlns:atom="http://www.w3.org/2005/Atom">
  <channel>
    <title>Et tout le touDIM</title>
    <link>/</link>
    <description>Recent content on Et tout le touDIM</description>
    <generator>Hugo -- gohugo.io</generator>
    <language>fr-FR</language>
    <lastBuildDate>Mon, 05 Mar 2018 00:00:00 +0000</lastBuildDate>
    
	<atom:link href="/index.xml" rel="self" type="application/rss+xml" />
    
    
    <item>
      <title>IPA avec pmeasyr</title>
      <link>/projets/001---ipa/</link>
      <pubDate>Mon, 05 Mar 2018 00:00:00 +0000</pubDate>
      
      <guid>/projets/001---ipa/</guid>
      <description></description>
    </item>
    
    <item>
      <title>À propos</title>
      <link>/about/</link>
      <pubDate>Mon, 05 Mar 2018 00:00:00 +0000</pubDate>
      
      <guid>/about/</guid>
      <description>Bienvenue,
Ce site rassemble des travaux faits avec R et pmeasyr dans le domaine de l&amp;rsquo;Information Médicale, à l&amp;rsquo;AP-HP.</description>
    </item>
    
  </channel>
</rss>