"liste";"titre"
"AAFA001";"Annexe 1 - Liste des actes relevant de neurochirurgie"
"AAFA002";"Annexe 1 - Liste des actes relevant de neurochirurgie"
"AAFA003";"Annexe 1 - Liste des actes relevant de neurochirurgie"
"AAFA004";"Annexe 1 - Liste des actes relevant de neurochirurgie"
"AAFA005";"Annexe 1 - Liste des actes relevant de neurochirurgie"
"AAFA006";"Annexe 1 - Liste des actes relevant de neurochirurgie"
"AAFA007";"Annexe 1 - Liste des actes relevant de neurochirurgie"
"AAFA008";"Annexe 1 - Liste des actes relevant de neurochirurgie"
"AAGA900";"Annexe 1 - Liste des actes relevant de neurochirurgie"
"AAGB001";"Annexe 1 - Liste des actes relevant de neurochirurgie"
"AAJA001";"Annexe 1 - Liste des actes relevant de neurochirurgie"
"AAJA002";"Annexe 1 - Liste des actes relevant de neurochirurgie"
"AAJA003";"Annexe 1 - Liste des actes relevant de neurochirurgie"
"AAJA004";"Annexe 1 - Liste des actes relevant de neurochirurgie"
"AAJA005";"Annexe 1 - Liste des actes relevant de neurochirurgie"
"AAJA006";"Annexe 1 - Liste des actes relevant de neurochirurgie"
"AALA002";"Annexe 1 - Liste des actes relevant de neurochirurgie"
"AALA900";"Annexe 1 - Liste des actes relevant de neurochirurgie"
"AALB001";"Annexe 1 - Liste des actes relevant de neurochirurgie"
"AALB002";"Annexe 1 - Liste des actes relevant de neurochirurgie"
"AANB001";"Annexe 1 - Liste des actes relevant de neurochirurgie"
"AAPA900";"Annexe 1 - Liste des actes relevant de neurochirurgie"
"ABCA001";"Annexe 1 - Liste des actes relevant de neurochirurgie"
"ABCA002";"Annexe 1 - Liste des actes relevant de neurochirurgie"
"ABCA003";"Annexe 1 - Liste des actes relevant de neurochirurgie"
"ABCA004";"Annexe 1 - Liste des actes relevant de neurochirurgie"
"ABCB001";"Annexe 1 - Liste des actes relevant de neurochirurgie"
"ABCC001";"Annexe 1 - Liste des actes relevant de neurochirurgie"
"ABFA001";"Annexe 1 - Liste des actes relevant de neurochirurgie"
"ABFA002";"Annexe 1 - Liste des actes relevant de neurochirurgie"
"ABFA003";"Annexe 1 - Liste des actes relevant de neurochirurgie"
"ABFA004";"Annexe 1 - Liste des actes relevant de neurochirurgie"
"ABFA005";"Annexe 1 - Liste des actes relevant de neurochirurgie"
"ABFA006";"Annexe 1 - Liste des actes relevant de neurochirurgie"
"ABFA007";"Annexe 1 - Liste des actes relevant de neurochirurgie"
"ABFA008";"Annexe 1 - Liste des actes relevant de neurochirurgie"
"ABFA009";"Annexe 1 - Liste des actes relevant de neurochirurgie"
"ABFA010";"Annexe 1 - Liste des actes relevant de neurochirurgie"
"ABFC001";"Annexe 1 - Liste des actes relevant de neurochirurgie"
"ABFC002";"Annexe 1 - Liste des actes relevant de neurochirurgie"
"ABGA001";"Annexe 1 - Liste des actes relevant de neurochirurgie"
"ABGA002";"Annexe 1 - Liste des actes relevant de neurochirurgie"
"ABGA003";"Annexe 1 - Liste des actes relevant de neurochirurgie"
"ABJA001";"Annexe 1 - Liste des actes relevant de neurochirurgie"
"ABJA002";"Annexe 1 - Liste des actes relevant de neurochirurgie"
"ABJA003";"Annexe 1 - Liste des actes relevant de neurochirurgie"
"ABJA004";"Annexe 1 - Liste des actes relevant de neurochirurgie"
"ABJA005";"Annexe 1 - Liste des actes relevant de neurochirurgie"
"ABJA006";"Annexe 1 - Liste des actes relevant de neurochirurgie"
"ABJA007";"Annexe 1 - Liste des actes relevant de neurochirurgie"
"ABJA008";"Annexe 1 - Liste des actes relevant de neurochirurgie"
"ABJB001";"Annexe 1 - Liste des actes relevant de neurochirurgie"
"ABJB002";"Annexe 1 - Liste des actes relevant de neurochirurgie"
"ABJC900";"Annexe 1 - Liste des actes relevant de neurochirurgie"
"ABLA001";"Annexe 1 - Liste des actes relevant de neurochirurgie"
"ABLB001";"Annexe 1 - Liste des actes relevant de neurochirurgie"
"ABLB002";"Annexe 1 - Liste des actes relevant de neurochirurgie"
"ABLB003";"Annexe 1 - Liste des actes relevant de neurochirurgie"
"ABMA002";"Annexe 1 - Liste des actes relevant de neurochirurgie"
"ABMA003";"Annexe 1 - Liste des actes relevant de neurochirurgie"
"ABMP001";"Annexe 1 - Liste des actes relevant de neurochirurgie"
"ABSA001";"Annexe 1 - Liste des actes relevant de neurochirurgie"
"ABSA002";"Annexe 1 - Liste des actes relevant de neurochirurgie"
"ABSA003";"Annexe 1 - Liste des actes relevant de neurochirurgie"
"ABSA004";"Annexe 1 - Liste des actes relevant de neurochirurgie"
"ABSA005";"Annexe 1 - Liste des actes relevant de neurochirurgie"
"ABSA006";"Annexe 1 - Liste des actes relevant de neurochirurgie"
"ABSA007";"Annexe 1 - Liste des actes relevant de neurochirurgie"
"ABSA008";"Annexe 1 - Liste des actes relevant de neurochirurgie"
"ABSA009";"Annexe 1 - Liste des actes relevant de neurochirurgie"
"ABSA010";"Annexe 1 - Liste des actes relevant de neurochirurgie"
"ABSA011";"Annexe 1 - Liste des actes relevant de neurochirurgie"
"ABSA012";"Annexe 1 - Liste des actes relevant de neurochirurgie"
"ACFA001";"Annexe 1 - Liste des actes relevant de neurochirurgie"
"ACFA002";"Annexe 1 - Liste des actes relevant de neurochirurgie"
"ACFA003";"Annexe 1 - Liste des actes relevant de neurochirurgie"
"ACFA004";"Annexe 1 - Liste des actes relevant de neurochirurgie"
"ACFA005";"Annexe 1 - Liste des actes relevant de neurochirurgie"
"ACFA006";"Annexe 1 - Liste des actes relevant de neurochirurgie"
"ACFA007";"Annexe 1 - Liste des actes relevant de neurochirurgie"
"ACFA008";"Annexe 1 - Liste des actes relevant de neurochirurgie"
"ACFA009";"Annexe 1 - Liste des actes relevant de neurochirurgie"
"ACFA010";"Annexe 1 - Liste des actes relevant de neurochirurgie"
"ACFA011";"Annexe 1 - Liste des actes relevant de neurochirurgie"
"ACFA012";"Annexe 1 - Liste des actes relevant de neurochirurgie"
"ACFA013";"Annexe 1 - Liste des actes relevant de neurochirurgie"
"ACFA014";"Annexe 1 - Liste des actes relevant de neurochirurgie"
"ACFA015";"Annexe 1 - Liste des actes relevant de neurochirurgie"
"ACFA016";"Annexe 1 - Liste des actes relevant de neurochirurgie"
"ACFA018";"Annexe 1 - Liste des actes relevant de neurochirurgie"
"ACFA019";"Annexe 1 - Liste des actes relevant de neurochirurgie"
"ACFA020";"Annexe 1 - Liste des actes relevant de neurochirurgie"
"ACFA022";"Annexe 1 - Liste des actes relevant de neurochirurgie"
"ACFA023";"Annexe 1 - Liste des actes relevant de neurochirurgie"
"ACFA024";"Annexe 1 - Liste des actes relevant de neurochirurgie"
"ACFA025";"Annexe 1 - Liste des actes relevant de neurochirurgie"
"ACFA026";"Annexe 1 - Liste des actes relevant de neurochirurgie"
"ACFA027";"Annexe 1 - Liste des actes relevant de neurochirurgie"
"ACFA028";"Annexe 1 - Liste des actes relevant de neurochirurgie"
"ACFA029";"Annexe 1 - Liste des actes relevant de neurochirurgie"
"ACHA001";"Annexe 1 - Liste des actes relevant de neurochirurgie"
"ACHA002";"Annexe 1 - Liste des actes relevant de neurochirurgie"
"ACHA003";"Annexe 1 - Liste des actes relevant de neurochirurgie"
"ACHB001";"Annexe 1 - Liste des actes relevant de neurochirurgie"
"ACPA001";"Annexe 1 - Liste des actes relevant de neurochirurgie"
"ACQC001";"Annexe 1 - Liste des actes relevant de neurochirurgie"
"ADCA006";"Annexe 1 - Liste des actes relevant de neurochirurgie"
"ADEA005";"Annexe 1 - Liste des actes relevant de neurochirurgie"
"ADPA001";"Annexe 1 - Liste des actes relevant de neurochirurgie"
"ADPA013";"Annexe 1 - Liste des actes relevant de neurochirurgie"
"ADPC900";"Annexe 1 - Liste des actes relevant de neurochirurgie"
"AEFA001";"Annexe 1 - Liste des actes relevant de neurochirurgie"
"AEFA002";"Annexe 1 - Liste des actes relevant de neurochirurgie"
"AEFA003";"Annexe 1 - Liste des actes relevant de neurochirurgie"
"AEGA001";"Annexe 1 - Liste des actes relevant de neurochirurgie"
"AEJA001";"Annexe 1 - Liste des actes relevant de neurochirurgie"
"AEJA002";"Annexe 1 - Liste des actes relevant de neurochirurgie"
"AEJA003";"Annexe 1 - Liste des actes relevant de neurochirurgie"
"AEJA004";"Annexe 1 - Liste des actes relevant de neurochirurgie"
"AEJA005";"Annexe 1 - Liste des actes relevant de neurochirurgie"
"AELA001";"Annexe 1 - Liste des actes relevant de neurochirurgie"
"AENA001";"Annexe 1 - Liste des actes relevant de neurochirurgie"
"AEPA001";"Annexe 1 - Liste des actes relevant de neurochirurgie"
"AEPA002";"Annexe 1 - Liste des actes relevant de neurochirurgie"
"AEPA004";"Annexe 1 - Liste des actes relevant de neurochirurgie"
"AEPB001";"Annexe 1 - Liste des actes relevant de neurochirurgie"
"AFCA001";"Annexe 1 - Liste des actes relevant de neurochirurgie"
"AFCA002";"Annexe 1 - Liste des actes relevant de neurochirurgie"
"AFCA003";"Annexe 1 - Liste des actes relevant de neurochirurgie"
"AFCA004";"Annexe 1 - Liste des actes relevant de neurochirurgie"
"AFFA001";"Annexe 1 - Liste des actes relevant de neurochirurgie"
"AFFA002";"Annexe 1 - Liste des actes relevant de neurochirurgie"
"AFFA003";"Annexe 1 - Liste des actes relevant de neurochirurgie"
"AFFA004";"Annexe 1 - Liste des actes relevant de neurochirurgie"
"AFFA005";"Annexe 1 - Liste des actes relevant de neurochirurgie"
"AFFA006";"Annexe 1 - Liste des actes relevant de neurochirurgie"
"AFFA007";"Annexe 1 - Liste des actes relevant de neurochirurgie"
"AFFA008";"Annexe 1 - Liste des actes relevant de neurochirurgie"
"AFFA009";"Annexe 1 - Liste des actes relevant de neurochirurgie"
"AFFA010";"Annexe 1 - Liste des actes relevant de neurochirurgie"
"AFFA011";"Annexe 1 - Liste des actes relevant de neurochirurgie"
"AFGA002";"Annexe 1 - Liste des actes relevant de neurochirurgie"
"AFJA001";"Annexe 1 - Liste des actes relevant de neurochirurgie"
"AFJA002";"Annexe 1 - Liste des actes relevant de neurochirurgie"
"AFJA003";"Annexe 1 - Liste des actes relevant de neurochirurgie"
"AFJA004";"Annexe 1 - Liste des actes relevant de neurochirurgie"
"AFJA005";"Annexe 1 - Liste des actes relevant de neurochirurgie"
"AFKB001";"Annexe 1 - Liste des actes relevant de neurochirurgie"
"AFLA003";"Annexe 1 - Liste des actes relevant de neurochirurgie"
"AFSA001";"Annexe 1 - Liste des actes relevant de neurochirurgie"
"AFSA002";"Annexe 1 - Liste des actes relevant de neurochirurgie"
"AFSA003";"Annexe 1 - Liste des actes relevant de neurochirurgie"
"AHFA003";"Annexe 1 - Liste des actes relevant de neurochirurgie"
"AHFA007";"Annexe 1 - Liste des actes relevant de neurochirurgie"
"AHFA012";"Annexe 1 - Liste des actes relevant de neurochirurgie"
"AHPA025";"Annexe 1 - Liste des actes relevant de neurochirurgie"
"EABA001";"Annexe 1 - Liste des actes relevant de neurochirurgie"
"EACA001";"Annexe 1 - Liste des actes relevant de neurochirurgie"
"EACA002";"Annexe 1 - Liste des actes relevant de neurochirurgie"
"EACA003";"Annexe 1 - Liste des actes relevant de neurochirurgie"
"EACA004";"Annexe 1 - Liste des actes relevant de neurochirurgie"
"EACA005";"Annexe 1 - Liste des actes relevant de neurochirurgie"
"EACA006";"Annexe 1 - Liste des actes relevant de neurochirurgie"
"EACA007";"Annexe 1 - Liste des actes relevant de neurochirurgie"
"EAFA001";"Annexe 1 - Liste des actes relevant de neurochirurgie"
"EAFA003";"Annexe 1 - Liste des actes relevant de neurochirurgie"
"EAFA004";"Annexe 1 - Liste des actes relevant de neurochirurgie"
"EAFA005";"Annexe 1 - Liste des actes relevant de neurochirurgie"
"EAFA008";"Annexe 1 - Liste des actes relevant de neurochirurgie"
"EAFA009";"Annexe 1 - Liste des actes relevant de neurochirurgie"
"EASA001";"Annexe 1 - Liste des actes relevant de neurochirurgie"
"EASA002";"Annexe 1 - Liste des actes relevant de neurochirurgie"
"EBCA010";"Annexe 1 - Liste des actes relevant de neurochirurgie"
"EBCA011";"Annexe 1 - Liste des actes relevant de neurochirurgie"
"KAFA002";"Annexe 1 - Liste des actes relevant de neurochirurgie"
"KBFA001";"Annexe 1 - Liste des actes relevant de neurochirurgie"
"LACA012";"Annexe 1 - Liste des actes relevant de neurochirurgie"
"LAFA004";"Annexe 1 - Liste des actes relevant de neurochirurgie"
"LAFA011";"Annexe 1 - Liste des actes relevant de neurochirurgie"
"LAFA900";"Annexe 1 - Liste des actes relevant de neurochirurgie"
"LAGA007";"Annexe 1 - Liste des actes relevant de neurochirurgie"
"DERP005";"Annexe 2 - Liste des actes relevant de la cardiologie interventionnelle"
"DELF904";"Annexe 2 - Liste des actes relevant de la cardiologie interventionnelle"
"DAAF001";"Annexe 2 - Liste des actes relevant de la cardiologie interventionnelle"
"DAAF002";"Annexe 2 - Liste des actes relevant de la cardiologie interventionnelle"
"DAAF003";"Annexe 2 - Liste des actes relevant de la cardiologie interventionnelle"
"DAGF001";"Annexe 2 - Liste des actes relevant de la cardiologie interventionnelle"
"DAMF001";"Annexe 2 - Liste des actes relevant de la cardiologie interventionnelle"
"DASF001";"Annexe 2 - Liste des actes relevant de la cardiologie interventionnelle"
"DASF002";"Annexe 2 - Liste des actes relevant de la cardiologie interventionnelle"
"DASF003";"Annexe 2 - Liste des actes relevant de la cardiologie interventionnelle"
"DASF004";"Annexe 2 - Liste des actes relevant de la cardiologie interventionnelle"
"DASF005";"Annexe 2 - Liste des actes relevant de la cardiologie interventionnelle"
"DBAF001";"Annexe 2 - Liste des actes relevant de la cardiologie interventionnelle"
"DBAF002";"Annexe 2 - Liste des actes relevant de la cardiologie interventionnelle"
"DBAF003";"Annexe 2 - Liste des actes relevant de la cardiologie interventionnelle"
"DBAF004";"Annexe 2 - Liste des actes relevant de la cardiologie interventionnelle"
"DBAF005";"Annexe 2 - Liste des actes relevant de la cardiologie interventionnelle"
"DBLF001";"Annexe 2 - Liste des actes relevant de la cardiologie interventionnelle"
"DBSF001";"Annexe 2 - Liste des actes relevant de la cardiologie interventionnelle"
"DDAF001";"Annexe 2 - Liste des actes relevant de la cardiologie interventionnelle"
"DDAF003";"Annexe 2 - Liste des actes relevant de la cardiologie interventionnelle"
"DDAF004";"Annexe 2 - Liste des actes relevant de la cardiologie interventionnelle"
"DDAF006";"Annexe 2 - Liste des actes relevant de la cardiologie interventionnelle"
"DDAF007";"Annexe 2 - Liste des actes relevant de la cardiologie interventionnelle"
"DDAF008";"Annexe 2 - Liste des actes relevant de la cardiologie interventionnelle"
"DDAF009";"Annexe 2 - Liste des actes relevant de la cardiologie interventionnelle"
"DDAF010";"Annexe 2 - Liste des actes relevant de la cardiologie interventionnelle"
"DDFF001";"Annexe 2 - Liste des actes relevant de la cardiologie interventionnelle"
"DDFF002";"Annexe 2 - Liste des actes relevant de la cardiologie interventionnelle"
"DDLF001";"Annexe 2 - Liste des actes relevant de la cardiologie interventionnelle"
"DDPF002";"Annexe 2 - Liste des actes relevant de la cardiologie interventionnelle"
"DDSF001";"Annexe 2 - Liste des actes relevant de la cardiologie interventionnelle"
"DEEF001";"Annexe 2 - Liste des actes relevant de la cardiologie interventionnelle"
"DEEF002";"Annexe 2 - Liste des actes relevant de la cardiologie interventionnelle"
"DEGF001";"Annexe 2 - Liste des actes relevant de la cardiologie interventionnelle"
"DEGF002";"Annexe 2 - Liste des actes relevant de la cardiologie interventionnelle"
"DEGF003";"Annexe 2 - Liste des actes relevant de la cardiologie interventionnelle"
"DEGF004";"Annexe 2 - Liste des actes relevant de la cardiologie interventionnelle"
"DEGF005";"Annexe 2 - Liste des actes relevant de la cardiologie interventionnelle"
"DEGF006";"Annexe 2 - Liste des actes relevant de la cardiologie interventionnelle"
"DELF006";"Annexe 2 - Liste des actes relevant de la cardiologie interventionnelle"
"DELF011";"Annexe 2 - Liste des actes relevant de la cardiologie interventionnelle"
"DELF012";"Annexe 2 - Liste des actes relevant de la cardiologie interventionnelle"
"DELF013";"Annexe 2 - Liste des actes relevant de la cardiologie interventionnelle"
"DELF014";"Annexe 2 - Liste des actes relevant de la cardiologie interventionnelle"
"DELF015";"Annexe 2 - Liste des actes relevant de la cardiologie interventionnelle"
"DELF016";"Annexe 2 - Liste des actes relevant de la cardiologie interventionnelle"
"DELF017";"Annexe 2 - Liste des actes relevant de la cardiologie interventionnelle"
"DELF018";"Annexe 2 - Liste des actes relevant de la cardiologie interventionnelle"
"DELF019";"Annexe 2 - Liste des actes relevant de la cardiologie interventionnelle"
"DELF020";"Annexe 2 - Liste des actes relevant de la cardiologie interventionnelle"
"DELF900";"Annexe 2 - Liste des actes relevant de la cardiologie interventionnelle"
"DELF901";"Annexe 2 - Liste des actes relevant de la cardiologie interventionnelle"
"DELF902";"Annexe 2 - Liste des actes relevant de la cardiologie interventionnelle"
"DELF903";"Annexe 2 - Liste des actes relevant de la cardiologie interventionnelle"
"DELF905";"Annexe 2 - Liste des actes relevant de la cardiologie interventionnelle"
"DENF014";"Annexe 2 - Liste des actes relevant de la cardiologie interventionnelle"
"DENF015";"Annexe 2 - Liste des actes relevant de la cardiologie interventionnelle"
"DENF017";"Annexe 2 - Liste des actes relevant de la cardiologie interventionnelle"
"DENF018";"Annexe 2 - Liste des actes relevant de la cardiologie interventionnelle"
"DENF021";"Annexe 2 - Liste des actes relevant de la cardiologie interventionnelle"
"DENF035";"Annexe 2 - Liste des actes relevant de la cardiologie interventionnelle"
"DEPF004";"Annexe 2 - Liste des actes relevant de la cardiologie interventionnelle"
"DEPF005";"Annexe 2 - Liste des actes relevant de la cardiologie interventionnelle"
"DEPF006";"Annexe 2 - Liste des actes relevant de la cardiologie interventionnelle"
"DEPF010";"Annexe 2 - Liste des actes relevant de la cardiologie interventionnelle"
"DEPF012";"Annexe 2 - Liste des actes relevant de la cardiologie interventionnelle"
"DEPF014";"Annexe 2 - Liste des actes relevant de la cardiologie interventionnelle"
"DEPF025";"Annexe 2 - Liste des actes relevant de la cardiologie interventionnelle"
"DEPF033";"Annexe 2 - Liste des actes relevant de la cardiologie interventionnelle"
"DERF001";"Annexe 2 - Liste des actes relevant de la cardiologie interventionnelle"
"DERF002";"Annexe 2 - Liste des actes relevant de la cardiologie interventionnelle"
"DERF003";"Annexe 2 - Liste des actes relevant de la cardiologie interventionnelle"
"DERF004";"Annexe 2 - Liste des actes relevant de la cardiologie interventionnelle"
"DFAF001";"Annexe 2 - Liste des actes relevant de la cardiologie interventionnelle"
"DFAF002";"Annexe 2 - Liste des actes relevant de la cardiologie interventionnelle"
"DFAF003";"Annexe 2 - Liste des actes relevant de la cardiologie interventionnelle"
"DFAF004";"Annexe 2 - Liste des actes relevant de la cardiologie interventionnelle"
"DFNF001";"Annexe 2 - Liste des actes relevant de la cardiologie interventionnelle"
"DFNF002";"Annexe 2 - Liste des actes relevant de la cardiologie interventionnelle"
"DFSF001";"Annexe 2 - Liste des actes relevant de la cardiologie interventionnelle"
"DGAF001";"Annexe 2 - Liste des actes relevant de la cardiologie interventionnelle"
"DGAF003";"Annexe 2 - Liste des actes relevant de la cardiologie interventionnelle"
"DGAF006";"Annexe 2 - Liste des actes relevant de la cardiologie interventionnelle"
"DGAF007";"Annexe 2 - Liste des actes relevant de la cardiologie interventionnelle"
"DGLF003";"Annexe 2 - Liste des actes relevant de la cardiologie interventionnelle"
"EZGF001";"Annexe 2 - Liste des actes relevant de la cardiologie interventionnelle"
"EAAF001";"Annexe 3 - Liste des actes relevant de la neuro-radiologie"
"EANF001";"Annexe 3 - Liste des actes relevant de la neuro-radiologie"
"EAAF901";"Annexe 3 - Liste des actes relevant de la neuro-radiologie"
"EAAF002";"Annexe 3 - Liste des actes relevant de la neuro-radiologie"
"EAAF900";"Annexe 3 - Liste des actes relevant de la neuro-radiologie"
"EAAF004";"Annexe 3 - Liste des actes relevant de la neuro-radiologie"
"EAAF902";"Annexe 3 - Liste des actes relevant de la neuro-radiologie"
"EAAF903";"Annexe 3 - Liste des actes relevant de la neuro-radiologie"
"EACF001";"Annexe 3 - Liste des actes relevant de la neuro-radiologie"
"EACF002";"Annexe 3 - Liste des actes relevant de la neuro-radiologie"
"EANF002";"Annexe 3 - Liste des actes relevant de la neuro-radiologie"
"EASF001";"Annexe 3 - Liste des actes relevant de la neuro-radiologie"
"EASF002";"Annexe 3 - Liste des actes relevant de la neuro-radiologie"
"EASF003";"Annexe 3 - Liste des actes relevant de la neuro-radiologie"
"EASF004";"Annexe 3 - Liste des actes relevant de la neuro-radiologie"
"EASF005";"Annexe 3 - Liste des actes relevant de la neuro-radiologie"
"EASF006";"Annexe 3 - Liste des actes relevant de la neuro-radiologie"
"EASF007";"Annexe 3 - Liste des actes relevant de la neuro-radiologie"
"EASF008";"Annexe 3 - Liste des actes relevant de la neuro-radiologie"
"EASF009";"Annexe 3 - Liste des actes relevant de la neuro-radiologie"
"EASF010";"Annexe 3 - Liste des actes relevant de la neuro-radiologie"
"EASF011";"Annexe 3 - Liste des actes relevant de la neuro-radiologie"
"EASF012";"Annexe 3 - Liste des actes relevant de la neuro-radiologie"
"EASF013";"Annexe 3 - Liste des actes relevant de la neuro-radiologie"
"EASF014";"Annexe 3 - Liste des actes relevant de la neuro-radiologie"
"EASF015";"Annexe 3 - Liste des actes relevant de la neuro-radiologie"
"ENSF002";"Annexe 3 - Liste des actes relevant de la neuro-radiologie"
"ENSF003";"Annexe 3 - Liste des actes relevant de la neuro-radiologie"
"ENSF001";"Annexe 3 - Liste des actes relevant de la neuro-radiologie"
"EBAF001";"Annexe 3 - Liste des actes relevant de la neuro-radiologie"
"EBAF003";"Annexe 3 - Liste des actes relevant de la neuro-radiologie"
"EBAF004";"Annexe 3 - Liste des actes relevant de la neuro-radiologie"
"EBAF005";"Annexe 3 - Liste des actes relevant de la neuro-radiologie"
"EBAF006";"Annexe 3 - Liste des actes relevant de la neuro-radiologie"
"EBAF009";"Annexe 3 - Liste des actes relevant de la neuro-radiologie"
"EBAF010";"Annexe 3 - Liste des actes relevant de la neuro-radiologie"
"EBAF011";"Annexe 3 - Liste des actes relevant de la neuro-radiologie"
"EBAF013";"Annexe 3 - Liste des actes relevant de la neuro-radiologie"
"EBAF014";"Annexe 3 - Liste des actes relevant de la neuro-radiologie"
"EBLF002";"Annexe 3 - Liste des actes relevant de la neuro-radiologie"
"EBLF003";"Annexe 3 - Liste des actes relevant de la neuro-radiologie"
"EBNF001";"Annexe 3 - Liste des actes relevant de la neuro-radiologie"
"EBNF002";"Annexe 3 - Liste des actes relevant de la neuro-radiologie"
"EBSF001";"Annexe 3 - Liste des actes relevant de la neuro-radiologie"
"EBSF003";"Annexe 3 - Liste des actes relevant de la neuro-radiologie"
"EBSF004";"Annexe 3 - Liste des actes relevant de la neuro-radiologie"
