<?xml version="1.0" encoding="utf-8" standalone="yes" ?>
<rss version="2.0" xmlns:atom="http://www.w3.org/2005/Atom">
  <channel>
    <title>R on Et tout le touDIM</title>
    <link>/tags/r/</link>
    <description>Recent content in R on Et tout le touDIM</description>
    <generator>Hugo -- gohugo.io</generator>
    <language>fr-FR</language>
    <lastBuildDate>Mon, 05 Mar 2018 00:00:00 +0000</lastBuildDate>
    
	<atom:link href="/tags/r/index.xml" rel="self" type="application/rss+xml" />
    
    
    <item>
      <title>IPA avec pmeasyr</title>
      <link>/projets/001---ipa/</link>
      <pubDate>Mon, 05 Mar 2018 00:00:00 +0000</pubDate>
      
      <guid>/projets/001---ipa/</guid>
      <description></description>
    </item>
    
    <item>
      <title>IPA avec pmeasyr</title>
      <link>/2018/03/05/ipa-avec-pmeasyr/</link>
      <pubDate>Mon, 05 Mar 2018 21:49:57 -0700</pubDate>
      
      <guid>/2018/03/05/ipa-avec-pmeasyr/</guid>
      <description>Cliquer ici pour accéder au document sur les IPA.</description>
    </item>
    
  </channel>
</rss>