<?xml version="1.0" encoding="utf-8" standalone="yes" ?>
<rss version="2.0" xmlns:atom="http://www.w3.org/2005/Atom">
  <channel>
    <title>Responsive on Et tout le touDIM</title>
    <link>/tags/responsive/</link>
    <description>Recent content in Responsive on Et tout le touDIM</description>
    <generator>Hugo -- gohugo.io</generator>
    <language>fr-FR</language>
    
	<atom:link href="/tags/responsive/index.xml" rel="self" type="application/rss+xml" />
    
    
    <item>
      <title>Project 3</title>
      <link>/projets/project3/</link>
      <pubDate>Mon, 01 Jan 0001 00:00:00 +0000</pubDate>
      
      <guid>/projets/project3/</guid>
      <description></description>
    </item>
    
  </channel>
</rss>