{
  "nom": ["Chirurgie pédiatrique complexe pour cardiopathies congénitales"],
  "abrege": ["chir_ped_complex_cardiopath_congenit"],
  "thematique": ["Recours Exceptionnel"],
  "agemax": [5],
  "diags": ["Q20", "Q21", "Q22", "Q23", "Q24", "Q25", "Q26"],
  "positions_diags": ["toutes"],
  "actes": ["DAAA002", "DAAA003", "DAFA001", "DAFA003", "DAFA005", "DAFA006", "DAFA007", "DAFA009", "DAFA010", "DAGA001", "DAMA003", "DAMA005", "DAPA001", "DAPC001", "DASA001", "DASA002", "DASA003", "DASA004", "DASA007", "DASA008", "DASA009", "DASA010", "DASA011", "DASA012", "DASA013", "DASA014", "DBKA001", "DBKA002", "DBKA003", "DBKA004", "DBKA005", "DBKA006", "DBKA007", "DBKA008", "DBKA009", "DBKA010", "DBKA011", "DBKA012", "DBLA001", "DBLA002", "DBLA003", "DBMA001", "DBMA002", "DBMA003", "DBMA004", "DBMA005", "DBMA006", "DBMA007", "DBMA008", "DBMA009", "DBMA010", "DBMA011", "DBMA012", "DBMA013", "DBMA015", "DBPA001", "DBPA002", "DBPA003", "DBPA004", "DBPA006", "DBPA007", "DDAA002", "DDEA001", "DDSA001", "DDSA002", "DFAA002", "DFAA003", "DFAA004", "DFAA005", "DFAF001", "DFAF002", "DFAF003", "DFAF004", "DFBA001", "DFCA002", "DFCA003", "DFCA004", "DFCA005", "DFCA006", "DFCA007", "DFCA008", "DFCA009", "DFCA010", "DFEA001", "DFGA001", "DFGA002", "DFGA003", "DFGA004", "DFMA001", "DFMA003", "DFMA004", "DFMA006", "DFMA008", "DFMA010", "DFMA011", "DFMA012", "DFSA001", "DGAA002", "DGAA004", "DGAA005", "DGDA001", "DGFA013", "DGFA016", "DGFA018", "DGFA020", "DGKA001", "DGKA003", "DGKA009", "DGKA011", "DGKA012", "DGKA014", "DGKA015", "DGKA017", "DGKA018", "DGKA021", "DGKA022", "DGKA024", "DGKA025", "DGKA026", "DGMA001", "DGMA002", "DGMA005", "DGMA009", "DGMA010", "DGMA011", "DGMA012", "DGSA003", "DZMA001", "DZMA002", "DZMA003", "DZMA004", "DZMA005", "DZMA006", "DZMA007", "DZMA009", "DZMA010", "DZMA011", "DZMA012", "DZSA001", "ECPA003", "EPMA001", "EPMA002", "EZSA005"],
  "date_saisie": ["2017-04-23T22:00:00Z"],
  "commentaire": ["Catégories d'âge suivantes : { [0 - 28 jours] ; [29 jours ; 1 an[ ; [1 an ; 5 ans] }"],
  "auteur": ["DGOS - ATIH"],
  "timestamp": [1493282426]
}
