{
  "nom": ["Chirurgie des sarcomes"],
  "abrege": ["chir_sarcome"],
  "thematique": ["Recours Exceptionnel"],
  "ghm_exclus": ["28Z10Z", "28Z11Z", "28Z18Z", "28Z25Z", "17K04", "17K06"],
  "diags": ["C40", "C41", "C48", "C49"],
  "positions_diags": ["dp"],
  "actes": ["BKGA007", "BKGA006", "BKGA004", "BKGA001", "BKMA003", "BKMA001", "BKMA002", "BKMA004", "BKMP001", "CAFA006", "CAFA009", "CAFA011", "CAFA002", "CAFA005", "CAFA003", "CAFA007", "CAFA004", "CAFA010", "CAFA001", "CAFA008", "FCFA012", "FCFA021", "FCFA028", "FCFA016", "FCFA020", "FCFA008", "FCFA027", "FCFA025", "FCFA013", "FCFA005", "FCFA009", "FCFA003", "FCFA026", "FCFA015", "FCFA014", "FCFA023", "FCFC002", "FCFA002", "FCFA004", "FCFC003", "FCFA006", "FCFC001", "FCFA019", "FCFC005", "FCFA010", "FCFC004", "FCFA022", "FCFA018", "FCFA029", "FCFA011", "FCFA007", "GAMA019", "GAMA018", "GAMA012", "GAMA002", "GAMA014", "GAMA006", "GAMA023", "GAMA021", "GAMA008", "GAMA003", "GAMA024", "GAMA013", "GAMA001", "GAMA020", "GAMA004", "GAMA016", "GAMA010", "GAMA005", "GAMA015", "GAMA009", "GAMA022", "GAME001", "GBBA002", "GBBA001", "GBPE003", "GBPE001", "GBPA004", "GBPA002", "GBPA001", "GBPA003", "GBPE002", "GCFD001", "GCFD002", "GCFA005", "GCFA003", "GCFA007", "GCFA004", "GCFA006", "GCFA001", "GCFA002", "HAFA008", "HAFA020", "HAFA031", "HAFA014", "HAFA028", "HAFA030", "HAFA015", "HAFA032", "HAFA019", "HAFA021", "HAFA022", "HAFA034", "HAFA009", "HAFA023", "HAFA001", "HAFA005", "HAFA013", "HAFA003", "HAFA012", "HAFA029", "HAFA016", "HAFA007", "HAFA006", "HAFA027", "HAFA033", "HAFA024", "HAFA004", "HAFA002", "HAFA026", "HAFA017", "HAFA011", "HCFA007", "HCFA003", "HCFA011", "HCFA001", "HCFA004", "HCFA008", "HCFA009", "HCFA002", "HCFA010", "HCFA006", "HCFA005", "HCFA013", "HCFA012", "HDFA020", "HDFA022", "HDFA021", "HDFE002", "HDFA018", "HDFE003", "HDFE001", "HDFA015", "HDFA014", "HDFA002", "HDFA008", "HDFA009", "HDFA017", "HDFA019", "HDFA007", "HDFA004", "HDFA011", "HDFA013", "HDFA016", "HDFA012", "HDFA005", "HDFA003", "HDFA010", "HDFA001", "HDFA006", "HFFC001", "HFFA009", "HFFA003", "HFFC012", "HFFA002", "HFFC002", "HFFA006", "HFFC017", "HFFA005", "HFFA008", "HFFC003", "HFFA010", "HFFA007", "HFFA004", "HGFE005", "HGFA014", "HGFE004", "HGFE002", "HGFE003", "HGFE001", "HGFA001", "HGFA005", "HGFC014", "HGFA003", "HGFC021", "HGFA007", "HGFC016", "HGFA004", "HGFA013", "HGFA012", "HGFC001", "HGFA010", "HGFA011", "HGFA008", "HGFA009", "HGFC002", "HGFA006", "HGPA005", "HGPA003", "HGPC006", "HGPA002", "HGPH001", "HGPA006", "HGPC005", "HGPC015", "HGPA004", "HHFE001", "HHFE002", "HHFE005", "HHFE004", "HHFC001", "HHFE006", "HHFA026", "HHFA009", "HHFA008", "HHFA018", "HHFA023", "HHFA014", "HHFA017", "HHFA010", "HHFA024", "HHFA006", "HHFA002", "HHFA021", "HHFA005", "HHFA022", "HHFA004", "HHFA030", "HHFA029", "HHFA031", "HHFA028", "HHFA003", "HHFA027", "HHPC001", "HHPA002", "HHPC002", "HHPA001", "HJFD002", "HJFA003", "HJFA018", "HJFA013", "HJFC031", "HJFA011", "HJFA002", "HJFA004", "HJFA006", "HJFA017", "HJFA001", "HJFA005", "HJFA007", "HJFA019", "HJFA014", "HJFC023", "HJFA012", "HJFA008", "HJFA009", "HJFD004", "HJFD001", "HJFD005", "HJFC002", "HJFA020", "HJFD003", "HJFC001", "HJFA016", "HJFC003", "HJFA015", "HJFA010", "HLFA014", "HLFA012", "HLFA002", "HLFC003", "HLFA019", "HLFC004", "HLFA020", "HLFA003", "HLFC027", "HLFA009", "HLFC032", "HLFA006", "HLFC002", "HLFA011", "HLFC037", "HLFA018", "HLFA007", "HLFA017", "HLFA004", "HLFA005", "HLFA010", "HPMP002", "HPML001", "HMFC004", "HMFA007", "HMFC001", "HMFA004", "HMFC002", "HMFA003", "HMFA008", "HMFC003", "HMFA006", "HMFA002", "HMFC005", "HMFA005", "HMFA001", "HMFA009", "HMFA010", "HNFC027", "HNFA012", "HNFC001", "HNFA005", "HNFC028", "HNFA008", "HNFA002", "HNFC002", "HNFA013", "HNFA010", "HNFA001", "HNFA011", "HNFA006", "HNFA007", "HNFA004", "HNFA009", "HPMB001", "HPFC001", "HPFA003", "HPFC002", "HPFA004", "HPBA001", "HPFC007", "HPFA001", "HPMA003", "HPMA002", "HPBA002", "HPMA001", "JAFC008", "JAFA007", "JAFA004", "JAFC005", "JAFA030", "JAFA024", "JAFA019", "JAFA008", "JAFA006", "JAFC002", "JAFA001", "JAFC007", "JAFA003", "JAFA026", "JAFC006", "JAFA023", "JAFA010", "JAFA002", "JAFA012", "JAFC001", "JAFA032", "JAFC004", "JAFA016", "JAFA027", "JAFA031", "JAFC019", "JAFA009", "JAFA022", "JAFA014", "JAFA021", "JAFC010", "JAFA029", "JAFA025", "JAFA028", "JAFA011", "JAFA005", "JCFD001", "JCFF001", "JCFE001", "JCFE003", "JCFE002", "JCFA002", "JCFA003", "JCFA009", "JCFA008", "JCFA010", "JCPA003", "JCFA005", "JCFA007", "JCFA004", "JCFA006", "JCFC001", "JCFA001", "JCPD001", "JCPC002", "JCPA002", "JCPC001", "JCPA001", "JCPE002", "JCPE001", "JDFE002", "JDFE001", "JDFC001", "JDFA002", "JDFC023", "JDFA011", "JDFA014", "JDFA017", "JDFA004", "JDFA015", "JDFA005", "JDFA001", "JDFA008", "JDFA003", "JDFA009", "JDFA006", "JDFA016", "JDFA007", "JDFA012", "JDFA013", "JDFA010", "JDFE003", "JDFA018", "JDFA024", "JDFA023", "JDFA025", "JDFA020", "JDFA019", "JDFA022", "JDFA021", "JKFE001", "JKFE002", "JKFC004", "JKFC001", "JKFA033", "JKFA016", "JKFA022", "JKFD001", "JKFD002", "JKFE003", "JKFA031", "JKFA008", "JKFA011", "JKFA009", "JKFA030", "JKFA019", "JKFA003", "JKFC002", "JKFA024", "JKFA014", "JKFA012", "JKFC006", "JKFA032", "JKFA001", "JKFA029", "JKFC005", "JKFA018", "JKFA026", "JKFA015", "JKFA025", "JKFA002", "JKFA013", "JKFC003", "JKFA006", "JKFA005", "JKFA028", "JKFA021", "JKFA007", "JKFA004", "JKFA020", "JKFA023", "JKFA027", "JFFA006", "JFFC002", "JFFA010", "JFFA021", "JFFC001", "JFFA012", "JFFA014", "JFFA007", "JFFA020", "JFFA017", "JFFA015", "JFFA018", "JFFA001", "JFFA003", "JFFA016", "JFFA009", "JFFA019", "JFFA022", "JFFA005", "JFFA004", "JFFA002", "JFFA008", "JFFA011", "JFFA013", "LBMP003", "LBMP001", "LBMP002", "LBGD001", "LBPA028", "LBPA024", "LBPA027", "LBPA029", "LBPA015", "LBPA035", "LBPA006", "LBPA022", "LBPA017", "LBPA031", "LBPA009", "LBPA008", "LBPA012", "LBPA032", "LBPA043", "LBPA010", "LBPA038", "LBFA006", "LBFA011", "LBFA033", "LBFA024", "LBFA005", "LBFA007", "LBFA023", "LBFA030", "LBFA002", "LBFA028", "LBFA014", "LBFA001", "LBPA034", "LBPA030", "LBPA007", "LBPA021", "LBPA042", "LBPA004", "LBPA040", "LBPA023", "LBPA011", "LBPA020", "LBPA033", "LBPA019", "LBPA041", "LBPA014", "LBPA005", "LBPA037", "LBPA002", "LBPA016", "LBPA026", "LBPA039", "LBPA036", "LBPA018", "LBPA013", "LBPA001", "LBPA025", "LBGA005", "LBFA015", "LBFA018", "LBFA010", "LBFA008", "LBFA029", "LBFA020", "LBFA009", "LBFA004", "LBFA036", "LBFA027", "LBFA017", "LBFA034", "LBFA037", "LBFA039", "LBFA026", "LBFA022", "LBFA038", "LBPA003", "LBMA002", "LBGA004", "LBGA003", "LBGA002", "LBGA006", "LBGA007", "LBGA008", "LBGA009", "LBFA031", "LBFA032", "LBFA025", "LBFA003", "LBMA006", "LBMA001", "LBMA004", "LBFA013", "LBMA003", "LBFA019", "LBFA035", "LBFA016", "LBFA012", "LCPA001", "LMFA003", "LMFA001", "LMFA002", "QZFA038", "QZFA023", "QZFA028", "QZFA021", "QZFA010", "QZFA015", "QZFA013", "QZFA022", "QZFA036", "QZFA031", "QZFA003", "QZFA004", "QZFA011", "QZFA035", "QZFA030", "QZFA008", "QZFA033", "QZFA026", "QZFA002", "QZFA001", "QZFA005", "QZFA007", "QZFA024", "QZMA004", "QZMA005", "QZMA007", "QZMA003", "QZMA009", "QAMA015", "QAMA003", "QAMA008", "QAMA005", "QAMA004", "QAMA013", "QAMA012", "QZPA008", "QZPA004", "QZMA006", "QZMA002", "QZMA010", "QZFA014", "QZMP002", "QZMP001", "QZFA020", "QZFA039", "QZFA029", "QZFA032", "QZFA009", "QZPA002", "QZPA001", "QZPA005", "QZPA007", "QZPA006", "QZPA003", "QEFA004", "QEFA001", "QEFA017", "QEFA008", "QEFA016", "QEFA007", "QEFA006", "QEFA011", "QEFA002", "QEFA019", "QEFA020", "QEFA005", "QEFA010", "QEFA003", "QEFA012", "QEFA013", "QEFA015", "QEFA009", "QEFA014", "QEFA018", "DHPA001", "LJFA002", "LJFA003", "LJFA004", "LJFA006", "LJFA007", "LJFA008", "LJFA009", "LJFA010", "LDFA009", "LDFA012", "LHFA031", "LEFA004", "LEFA006", "LEFA007", "LEFA010", "LEFA014", "LFFA009", "LFFA013", "LFFA014", "LHFA016", "LHFA019", "LHFA024"],
  "date_saisie": ["2017-04-23T22:00:00Z"],
  "auteur": ["DGOS - ATIH"],
  "timestamp": [1493282508]
}
