<?xml version="1.0" encoding="utf-8" standalone="yes" ?>
<rss version="2.0" xmlns:atom="http://www.w3.org/2005/Atom">
  <channel>
    <title>Projects on Et tout le touDIM</title>
    <link>/projects/</link>
    <description>Recent content in Projects on Et tout le touDIM</description>
    <generator>Hugo -- gohugo.io</generator>
    <language>fr-FR</language>
    
	<atom:link href="/projects/index.xml" rel="self" type="application/rss+xml" />
    
    
    <item>
      <title>Project 1</title>
      <link>/projects/project1/</link>
      <pubDate>Mon, 01 Jan 0001 00:00:00 +0000</pubDate>
      
      <guid>/projects/project1/</guid>
      <description></description>
    </item>
    
    <item>
      <title>Project 2</title>
      <link>/projects/project2/</link>
      <pubDate>Mon, 01 Jan 0001 00:00:00 +0000</pubDate>
      
      <guid>/projects/project2/</guid>
      <description></description>
    </item>
    
    <item>
      <title>Project 3</title>
      <link>/projects/project3/</link>
      <pubDate>Mon, 01 Jan 0001 00:00:00 +0000</pubDate>
      
      <guid>/projects/project3/</guid>
      <description></description>
    </item>
    
    <item>
      <title>Project 4</title>
      <link>/projects/project4/</link>
      <pubDate>Mon, 01 Jan 0001 00:00:00 +0000</pubDate>
      
      <guid>/projects/project4/</guid>
      <description></description>
    </item>
    
  </channel>
</rss>