<?xml version="1.0" encoding="utf-8" standalone="yes" ?>
<rss version="2.0" xmlns:atom="http://www.w3.org/2005/Atom">
  <channel>
    <title>Posts on Et tout le touDIM</title>
    <link>/post/</link>
    <description>Recent content in Posts on Et tout le touDIM</description>
    <generator>Hugo -- gohugo.io</generator>
    <language>fr-FR</language>
    <lastBuildDate>Mon, 05 Mar 2018 21:49:57 -0700</lastBuildDate>
    
	<atom:link href="/post/index.xml" rel="self" type="application/rss+xml" />
    
    
    <item>
      <title>IPA avec pmeasyr</title>
      <link>/2018/03/05/ipa-avec-pmeasyr/</link>
      <pubDate>Mon, 05 Mar 2018 21:49:57 -0700</pubDate>
      
      <guid>/2018/03/05/ipa-avec-pmeasyr/</guid>
      <description>Cliquer ici pour accéder au document sur les IPA.</description>
    </item>
    
    <item>
      <title>Présentation</title>
      <link>/2018/03/03/pr%C3%A9sentation/</link>
      <pubDate>Sat, 03 Mar 2018 21:49:57 -0700</pubDate>
      
      <guid>/2018/03/03/pr%C3%A9sentation/</guid>
      <description> Bienvenue </description>
    </item>
    
  </channel>
</rss>