[
  {
    "nom": ["Actes intracérébraux par voie stéréotaxique"],
    "abrege": ["actes_intracerebraux_voie_stereotaxique"],
    "thematique": ["Recours Exceptionnel"],
    "actes": ["AALB001", "AANB001"],
    "date_saisie": ["2017-04-23T22:00:00Z"],
    "auteur": ["DGOS - ATIH"],
    "timestamp": [1493281888]
  },
  {
    "nom": ["AREC en réanimation néo-natale"],
    "abrege": ["arec_rea_nnat"],
    "thematique": ["Recours Exceptionnel"],
    "agejrmax": [28],
    "actes": ["GLJF010"],
    "date_saisie": ["2017-04-23T22:00:00Z"],
    "auteur": ["DGOS - ATIH"],
    "timestamp": [1493281918]
  },
  {
    "nom": ["Atrésie des voies biliaires"],
    "abrege": ["atresie_voies_biliaires"],
    "thematique": ["Recours Exceptionnel"],
    "autres": ["substr(ghm,3,3) == 'C'"],
    "diags": ["Q442"],
    "positions_diags": ["toutes"],
    "actes": ["HLCA001", "HLEA002", "HMCA007", "HMCA008", "HLFA019", "HMCA005", "HMFA007", "HMAH001", "HLSA001", "HGCA008", "HMAH002", "HMFA009", "HMJA001", "HMCA001", "HMJH002", "HMCA006", "HLCA002", "HMQH008", "HLJA001", "HMFA001", "HFCA004", "HGCA003", "HMCA011", "HMFA010", "HLFA014"],
    "date_saisie": ["2017-04-23T22:00:00Z"],
    "auteur": ["DGOS - ATIH"],
    "timestamp": [1493281976]
  },
  {
    "nom": ["Cathétérisme cardiaque interventionnel pédiatrique pour cardiopathies congénitales"],
    "abrege": ["cathe_cardiaque_interv_pediatrique_cardiopathie_congenitales"],
    "thematique": ["Recours Exceptionnel"],
    "agemax": [15],
    "diags": ["Q20", "Q21", "Q22", "Q23", "Q24", "Q25", "Q26"],
    "positions_diags": ["toutes"],
    "actes": ["DAAF001", "DAAF002", "DAGF001", "DAHF001", "DAMF001", "DASF003", "DBAF001", "DBAF002", "DBAF003", "DBAF004", "DBAF005", "DBLF009", "DGAF001", "DGAF003", "DGAF004", "DGAF006", "DGAF007", "DGLF003", "EZGF001"],
    "date_saisie": ["2017-04-23T22:00:00Z"],
    "commentaire": ["Catégories d'âge suivantes : { [0 - 28 jours] ; [29 jours ; 1 an[ ; [1 an ; 5 ans] ; [6 ans ; 15 ans ] }"],
    "auteur": ["DGOS - ATIH"],
    "timestamp": [1493282163]
  },
  {
    "nom": ["Chimioembolisation de tumeurs hépatiques ou rénales"],
    "abrege": ["chimioembolisation"],
    "thematique": ["Recours Exceptionnel"],
    "actes": ["EDLF016", "EDLF017", "EDLL001", "EDLF018", "EDLF019"],
    "date_saisie": ["2017-04-23T22:00:00Z"],
    "auteur": ["DGOS - ATIH"],
    "timestamp": [1493282222]
  },
  {
    "nom": ["Chimiothérapie hyperthermique intra-péritonéale (CHIP)"],
    "abrege": ["chip"],
    "thematique": ["Recours Exceptionnel"],
    "actes": ["HPLB003"],
    "date_saisie": ["2017-04-23T22:00:00Z"],
    "auteur": ["DGOS - ATIH"],
    "timestamp": [1493282250]
  },
  {
    "nom": ["Chirurgie de recours de l'oesophage (hors cancer)"],
    "abrege": ["chir_oesophage_hors_cancer"],
    "thematique": ["Recours Exceptionnel"],
    "diags": ["T281", "T286", "K222", "K223"],
    "diags_exclus": ["C"],
    "positions_diags": ["toutes"],
    "actes": ["HECA002", "HEFA002", "HEFA003", "HEFA006", "HEFA007", "HEFA009", "HEFA011", "HEFA012", "HEFA016", "HEFA018", "HEFA022", "HEPA005", "HEPA007", "HEMA001", "HEMA005"],
    "date_saisie": ["2017-01-23T23:00:00Z"],
    "auteur": ["DGOS - ATIH"],
    "timestamp": [1493282350]
  },
  {
    "nom": ["Chirurgie pédiatrique complexe pour cardiopathies congénitales"],
    "abrege": ["chir_ped_complex_cardiopath_congenit"],
    "thematique": ["Recours Exceptionnel"],
    "agemax": [5],
    "diags": ["Q20", "Q21", "Q22", "Q23", "Q24", "Q25", "Q26"],
    "positions_diags": ["toutes"],
    "actes": ["DAAA002", "DAAA003", "DAFA001", "DAFA003", "DAFA005", "DAFA006", "DAFA007", "DAFA009", "DAFA010", "DAGA001", "DAMA003", "DAMA005", "DAPA001", "DAPC001", "DASA001", "DASA002", "DASA003", "DASA004", "DASA007", "DASA008", "DASA009", "DASA010", "DASA011", "DASA012", "DASA013", "DASA014", "DBKA001", "DBKA002", "DBKA003", "DBKA004", "DBKA005", "DBKA006", "DBKA007", "DBKA008", "DBKA009", "DBKA010", "DBKA011", "DBKA012", "DBLA001", "DBLA002", "DBLA003", "DBMA001", "DBMA002", "DBMA003", "DBMA004", "DBMA005", "DBMA006", "DBMA007", "DBMA008", "DBMA009", "DBMA010", "DBMA011", "DBMA012", "DBMA013", "DBMA015", "DBPA001", "DBPA002", "DBPA003", "DBPA004", "DBPA006", "DBPA007", "DDAA002", "DDEA001", "DDSA001", "DDSA002", "DFAA002", "DFAA003", "DFAA004", "DFAA005", "DFAF001", "DFAF002", "DFAF003", "DFAF004", "DFBA001", "DFCA002", "DFCA003", "DFCA004", "DFCA005", "DFCA006", "DFCA007", "DFCA008", "DFCA009", "DFCA010", "DFEA001", "DFGA001", "DFGA002", "DFGA003", "DFGA004", "DFMA001", "DFMA003", "DFMA004", "DFMA006", "DFMA008", "DFMA010", "DFMA011", "DFMA012", "DFSA001", "DGAA002", "DGAA004", "DGAA005", "DGDA001", "DGFA013", "DGFA016", "DGFA018", "DGFA020", "DGKA001", "DGKA003", "DGKA009", "DGKA011", "DGKA012", "DGKA014", "DGKA015", "DGKA017", "DGKA018", "DGKA021", "DGKA022", "DGKA024", "DGKA025", "DGKA026", "DGMA001", "DGMA002", "DGMA005", "DGMA009", "DGMA010", "DGMA011", "DGMA012", "DGSA003", "DZMA001", "DZMA002", "DZMA003", "DZMA004", "DZMA005", "DZMA006", "DZMA007", "DZMA009", "DZMA010", "DZMA011", "DZMA012", "DZSA001", "ECPA003", "EPMA001", "EPMA002", "EZSA005"],
    "date_saisie": ["2017-04-23T22:00:00Z"],
    "commentaire": ["Catégories d'âge suivantes : { [0 - 28 jours] ; [29 jours ; 1 an[ ; [1 an ; 5 ans] }"],
    "auteur": ["DGOS - ATIH"],
    "timestamp": [1493282426]
  },
  {
    "nom": ["Chirurgie des sarcomes"],
    "abrege": ["chir_sarcome"],
    "thematique": ["Recours Exceptionnel"],
    "ghm_exclus": ["28Z10Z", "28Z11Z", "28Z18Z", "28Z25Z", "17K04", "17K06"],
    "diags": ["C40", "C41", "C48", "C49"],
    "positions_diags": ["dp"],
    "actes": ["BKGA007", "BKGA006", "BKGA004", "BKGA001", "BKMA003", "BKMA001", "BKMA002", "BKMA004", "BKMP001", "CAFA006", "CAFA009", "CAFA011", "CAFA002", "CAFA005", "CAFA003", "CAFA007", "CAFA004", "CAFA010", "CAFA001", "CAFA008", "FCFA012", "FCFA021", "FCFA028", "FCFA016", "FCFA020", "FCFA008", "FCFA027", "FCFA025", "FCFA013", "FCFA005", "FCFA009", "FCFA003", "FCFA026", "FCFA015", "FCFA014", "FCFA023", "FCFC002", "FCFA002", "FCFA004", "FCFC003", "FCFA006", "FCFC001", "FCFA019", "FCFC005", "FCFA010", "FCFC004", "FCFA022", "FCFA018", "FCFA029", "FCFA011", "FCFA007", "GAMA019", "GAMA018", "GAMA012", "GAMA002", "GAMA014", "GAMA006", "GAMA023", "GAMA021", "GAMA008", "GAMA003", "GAMA024", "GAMA013", "GAMA001", "GAMA020", "GAMA004", "GAMA016", "GAMA010", "GAMA005", "GAMA015", "GAMA009", "GAMA022", "GAME001", "GBBA002", "GBBA001", "GBPE003", "GBPE001", "GBPA004", "GBPA002", "GBPA001", "GBPA003", "GBPE002", "GCFD001", "GCFD002", "GCFA005", "GCFA003", "GCFA007", "GCFA004", "GCFA006", "GCFA001", "GCFA002", "HAFA008", "HAFA020", "HAFA031", "HAFA014", "HAFA028", "HAFA030", "HAFA015", "HAFA032", "HAFA019", "HAFA021", "HAFA022", "HAFA034", "HAFA009", "HAFA023", "HAFA001", "HAFA005", "HAFA013", "HAFA003", "HAFA012", "HAFA029", "HAFA016", "HAFA007", "HAFA006", "HAFA027", "HAFA033", "HAFA024", "HAFA004", "HAFA002", "HAFA026", "HAFA017", "HAFA011", "HCFA007", "HCFA003", "HCFA011", "HCFA001", "HCFA004", "HCFA008", "HCFA009", "HCFA002", "HCFA010", "HCFA006", "HCFA005", "HCFA013", "HCFA012", "HDFA020", "HDFA022", "HDFA021", "HDFE002", "HDFA018", "HDFE003", "HDFE001", "HDFA015", "HDFA014", "HDFA002", "HDFA008", "HDFA009", "HDFA017", "HDFA019", "HDFA007", "HDFA004", "HDFA011", "HDFA013", "HDFA016", "HDFA012", "HDFA005", "HDFA003", "HDFA010", "HDFA001", "HDFA006", "HFFC001", "HFFA009", "HFFA003", "HFFC012", "HFFA002", "HFFC002", "HFFA006", "HFFC017", "HFFA005", "HFFA008", "HFFC003", "HFFA010", "HFFA007", "HFFA004", "HGFE005", "HGFA014", "HGFE004", "HGFE002", "HGFE003", "HGFE001", "HGFA001", "HGFA005", "HGFC014", "HGFA003", "HGFC021", "HGFA007", "HGFC016", "HGFA004", "HGFA013", "HGFA012", "HGFC001", "HGFA010", "HGFA011", "HGFA008", "HGFA009", "HGFC002", "HGFA006", "HGPA005", "HGPA003", "HGPC006", "HGPA002", "HGPH001", "HGPA006", "HGPC005", "HGPC015", "HGPA004", "HHFE001", "HHFE002", "HHFE005", "HHFE004", "HHFC001", "HHFE006", "HHFA026", "HHFA009", "HHFA008", "HHFA018", "HHFA023", "HHFA014", "HHFA017", "HHFA010", "HHFA024", "HHFA006", "HHFA002", "HHFA021", "HHFA005", "HHFA022", "HHFA004", "HHFA030", "HHFA029", "HHFA031", "HHFA028", "HHFA003", "HHFA027", "HHPC001", "HHPA002", "HHPC002", "HHPA001", "HJFD002", "HJFA003", "HJFA018", "HJFA013", "HJFC031", "HJFA011", "HJFA002", "HJFA004", "HJFA006", "HJFA017", "HJFA001", "HJFA005", "HJFA007", "HJFA019", "HJFA014", "HJFC023", "HJFA012", "HJFA008", "HJFA009", "HJFD004", "HJFD001", "HJFD005", "HJFC002", "HJFA020", "HJFD003", "HJFC001", "HJFA016", "HJFC003", "HJFA015", "HJFA010", "HLFA014", "HLFA012", "HLFA002", "HLFC003", "HLFA019", "HLFC004", "HLFA020", "HLFA003", "HLFC027", "HLFA009", "HLFC032", "HLFA006", "HLFC002", "HLFA011", "HLFC037", "HLFA018", "HLFA007", "HLFA017", "HLFA004", "HLFA005", "HLFA010", "HPMP002", "HPML001", "HMFC004", "HMFA007", "HMFC001", "HMFA004", "HMFC002", "HMFA003", "HMFA008", "HMFC003", "HMFA006", "HMFA002", "HMFC005", "HMFA005", "HMFA001", "HMFA009", "HMFA010", "HNFC027", "HNFA012", "HNFC001", "HNFA005", "HNFC028", "HNFA008", "HNFA002", "HNFC002", "HNFA013", "HNFA010", "HNFA001", "HNFA011", "HNFA006", "HNFA007", "HNFA004", "HNFA009", "HPMB001", "HPFC001", "HPFA003", "HPFC002", "HPFA004", "HPBA001", "HPFC007", "HPFA001", "HPMA003", "HPMA002", "HPBA002", "HPMA001", "JAFC008", "JAFA007", "JAFA004", "JAFC005", "JAFA030", "JAFA024", "JAFA019", "JAFA008", "JAFA006", "JAFC002", "JAFA001", "JAFC007", "JAFA003", "JAFA026", "JAFC006", "JAFA023", "JAFA010", "JAFA002", "JAFA012", "JAFC001", "JAFA032", "JAFC004", "JAFA016", "JAFA027", "JAFA031", "JAFC019", "JAFA009", "JAFA022", "JAFA014", "JAFA021", "JAFC010", "JAFA029", "JAFA025", "JAFA028", "JAFA011", "JAFA005", "JCFD001", "JCFF001", "JCFE001", "JCFE003", "JCFE002", "JCFA002", "JCFA003", "JCFA009", "JCFA008", "JCFA010", "JCPA003", "JCFA005", "JCFA007", "JCFA004", "JCFA006", "JCFC001", "JCFA001", "JCPD001", "JCPC002", "JCPA002", "JCPC001", "JCPA001", "JCPE002", "JCPE001", "JDFE002", "JDFE001", "JDFC001", "JDFA002", "JDFC023", "JDFA011", "JDFA014", "JDFA017", "JDFA004", "JDFA015", "JDFA005", "JDFA001", "JDFA008", "JDFA003", "JDFA009", "JDFA006", "JDFA016", "JDFA007", "JDFA012", "JDFA013", "JDFA010", "JDFE003", "JDFA018", "JDFA024", "JDFA023", "JDFA025", "JDFA020", "JDFA019", "JDFA022", "JDFA021", "JKFE001", "JKFE002", "JKFC004", "JKFC001", "JKFA033", "JKFA016", "JKFA022", "JKFD001", "JKFD002", "JKFE003", "JKFA031", "JKFA008", "JKFA011", "JKFA009", "JKFA030", "JKFA019", "JKFA003", "JKFC002", "JKFA024", "JKFA014", "JKFA012", "JKFC006", "JKFA032", "JKFA001", "JKFA029", "JKFC005", "JKFA018", "JKFA026", "JKFA015", "JKFA025", "JKFA002", "JKFA013", "JKFC003", "JKFA006", "JKFA005", "JKFA028", "JKFA021", "JKFA007", "JKFA004", "JKFA020", "JKFA023", "JKFA027", "JFFA006", "JFFC002", "JFFA010", "JFFA021", "JFFC001", "JFFA012", "JFFA014", "JFFA007", "JFFA020", "JFFA017", "JFFA015", "JFFA018", "JFFA001", "JFFA003", "JFFA016", "JFFA009", "JFFA019", "JFFA022", "JFFA005", "JFFA004", "JFFA002", "JFFA008", "JFFA011", "JFFA013", "LBMP003", "LBMP001", "LBMP002", "LBGD001", "LBPA028", "LBPA024", "LBPA027", "LBPA029", "LBPA015", "LBPA035", "LBPA006", "LBPA022", "LBPA017", "LBPA031", "LBPA009", "LBPA008", "LBPA012", "LBPA032", "LBPA043", "LBPA010", "LBPA038", "LBFA006", "LBFA011", "LBFA033", "LBFA024", "LBFA005", "LBFA007", "LBFA023", "LBFA030", "LBFA002", "LBFA028", "LBFA014", "LBFA001", "LBPA034", "LBPA030", "LBPA007", "LBPA021", "LBPA042", "LBPA004", "LBPA040", "LBPA023", "LBPA011", "LBPA020", "LBPA033", "LBPA019", "LBPA041", "LBPA014", "LBPA005", "LBPA037", "LBPA002", "LBPA016", "LBPA026", "LBPA039", "LBPA036", "LBPA018", "LBPA013", "LBPA001", "LBPA025", "LBGA005", "LBFA015", "LBFA018", "LBFA010", "LBFA008", "LBFA029", "LBFA020", "LBFA009", "LBFA004", "LBFA036", "LBFA027", "LBFA017", "LBFA034", "LBFA037", "LBFA039", "LBFA026", "LBFA022", "LBFA038", "LBPA003", "LBMA002", "LBGA004", "LBGA003", "LBGA002", "LBGA006", "LBGA007", "LBGA008", "LBGA009", "LBFA031", "LBFA032", "LBFA025", "LBFA003", "LBMA006", "LBMA001", "LBMA004", "LBFA013", "LBMA003", "LBFA019", "LBFA035", "LBFA016", "LBFA012", "LCPA001", "LMFA003", "LMFA001", "LMFA002", "QZFA038", "QZFA023", "QZFA028", "QZFA021", "QZFA010", "QZFA015", "QZFA013", "QZFA022", "QZFA036", "QZFA031", "QZFA003", "QZFA004", "QZFA011", "QZFA035", "QZFA030", "QZFA008", "QZFA033", "QZFA026", "QZFA002", "QZFA001", "QZFA005", "QZFA007", "QZFA024", "QZMA004", "QZMA005", "QZMA007", "QZMA003", "QZMA009", "QAMA015", "QAMA003", "QAMA008", "QAMA005", "QAMA004", "QAMA013", "QAMA012", "QZPA008", "QZPA004", "QZMA006", "QZMA002", "QZMA010", "QZFA014", "QZMP002", "QZMP001", "QZFA020", "QZFA039", "QZFA029", "QZFA032", "QZFA009", "QZPA002", "QZPA001", "QZPA005", "QZPA007", "QZPA006", "QZPA003", "QEFA004", "QEFA001", "QEFA017", "QEFA008", "QEFA016", "QEFA007", "QEFA006", "QEFA011", "QEFA002", "QEFA019", "QEFA020", "QEFA005", "QEFA010", "QEFA003", "QEFA012", "QEFA013", "QEFA015", "QEFA009", "QEFA014", "QEFA018", "DHPA001", "LJFA002", "LJFA003", "LJFA004", "LJFA006", "LJFA007", "LJFA008", "LJFA009", "LJFA010", "LDFA009", "LDFA012", "LHFA031", "LEFA004", "LEFA006", "LEFA007", "LEFA010", "LEFA014", "LFFA009", "LFFA013", "LFFA014", "LHFA016", "LHFA019", "LHFA024"],
    "date_saisie": ["2017-04-23T22:00:00Z"],
    "auteur": ["DGOS - ATIH"],
    "timestamp": [1493282508]
  },
  {
    "nom": ["Curiethérapie intracavitaire pulsée vaginale ou utérovaginale"],
    "abrege": ["curietherapie_intra_cavaire"],
    "thematique": ["Recours Exceptionnel"],
    "actes": ["JKNL002", "JKNL006", "JLNL006", "JLNL007"],
    "date_saisie": ["2017-04-23T22:00:00Z"],
    "auteur": ["DGOS - ATIH"],
    "timestamp": [1493282552]
  },
  {
    "nom": ["Dialyse MARS"],
    "abrege": ["dialyse_mars"],
    "thematique": ["Recours Exceptionnel"],
    "actes": ["FEJF001"],
    "date_saisie": ["2017-04-23T22:00:00Z"],
    "auteur": ["DGOS - ATIH"],
    "timestamp": [1493289735]
  },
  {
    "nom": ["ECMO hors AREC néonatale"],
    "abrege": ["ecmo_hors_arec_nnat"],
    "thematique": ["Recours Exceptionnel"],
    "autres": ["((!is.na(agejr) & agejr > 28)| agean > 28/365.25)"],
    "actes": ["EQLA001", "EQLA002"],
    "date_saisie": ["2017-04-23T22:00:00Z"],
    "auteur": ["DGOS - ATIH"],
    "timestamp": [1493286359]
  },
  {
    "nom": ["Endartériectomie pulmonaire pour hypertension artérielle pulmonaire"],
    "abrege": ["endarteriectomie"],
    "thematique": ["Recours Exceptionnel"],
    "actes": ["DFFA003"],
    "date_saisie": ["2017-04-23T22:00:00Z"],
    "auteur": ["DGOS - ATIH"],
    "timestamp": [1493287628]
  },
  {
    "nom": ["Exérèses carcinilogiques étendues en pneumologie"],
    "abrege": ["exerese_carcino_etendues_pneumologie"],
    "thematique": ["Recours Exceptionnel"],
    "actes": ["GFFA002", "GFFA006", "GFFA007", "GFFA008", "GFFA010", "GFFA015", "GFFA016", "GFFA022", "GFFA025", "GFFA027", "GFFA028", "GFFA030", "GFFA031", "GFFA033", "GFFA034"],
    "date_saisie": ["2017-04-23T22:00:00Z"],
    "auteur": ["DGOS - ATIH"],
    "timestamp": [1493287671]
  },
  {
    "nom": ["Exsanguino-transfusion chez le foetus ou le nv-né"],
    "abrege": ["exsanguino_transfu_foetus_nne"],
    "thematique": ["Recours Exceptionnel"],
    "agemax": [1],
    "actes": ["JQLF002", "FELF005"],
    "date_saisie": ["2017-04-23T22:00:00Z"],
    "auteur": ["DGOS - ATIH"],
    "timestamp": [1493287713]
  },
  {
    "nom": ["Greffes de moelle en cas de grave déficit immunitaire"],
    "abrege": ["greffe_moelle_deficit_immunitaire_grave"],
    "thematique": ["Recours Exceptionnel"],
    "agemax": [14],
    "autres": ["!grepl('D849', diags)"],
    "ghm": ["27Z02"],
    "diags": ["D761", "D80", "D81", "D82", "D83", "D84", "Q782"],
    "positions_diags": ["toutes"],
    "date_saisie": ["2017-07-23T22:00:00Z"],
    "auteur": ["DGOS - ATIH"],
    "timestamp": [1493287781]
  },
  {
    "nom": ["Intervention lourde en chirurgie maxillofaciale"],
    "abrege": ["interv_lourde_chir_maxillo_fac"],
    "thematique": ["Recours Exceptionnel"],
    "actes": ["LBAA001", "LBCB001", "LBCB002", "LALA001", "LALA002", "LBMA001", "LBMA002", "LBMA004", "LBMA006"],
    "date_saisie": ["2017-04-23T22:00:00Z"],
    "auteur": ["DGOS - ATIH"],
    "timestamp": [1493287832]
  },
  {
    "nom": ["Malformation congénitale moelle épinière"],
    "abrege": ["malformation_congenitale_moelle_epiniere"],
    "thematique": ["Recours Exceptionnel"],
    "actes": ["AEPA004", "AFSA001", "AFSA002"],
    "date_saisie": ["2017-04-23T22:00:00Z"],
    "auteur": ["DGOS - ATIH"],
    "timestamp": [1493287864]
  },
  {
    "nom": ["Malformation congénitale urètre"],
    "abrege": ["malformation_congenitale_uretre"],
    "thematique": ["Recours Exceptionnel"],
    "actes": ["JEFA005", "JEMA006", "JHAA001", "JHAA002"],
    "date_saisie": ["2017-04-23T22:00:00Z"],
    "auteur": ["DGOS - ATIH"],
    "timestamp": [1493287948]
  },
  {
    "nom": ["Malformation congénitale vagin ou transsexuel feminin"],
    "abrege": ["malformation_congenitale_vagin"],
    "thematique": ["Recours Exceptionnel"],
    "actes": ["JLCA006", "JLMA001", "JLMA002", "JLMA003", "JLMA004", "JLMA005", "JLMC001"],
    "date_saisie": ["2017-04-23T22:00:00Z"],
    "auteur": ["DGOS - ATIH"],
    "timestamp": [1493287991]
  },
  {
    "nom": ["Nutrition parent lg cours (hors séances) > 17 ans"],
    "abrege": ["nut_parenterale_adulte"],
    "thematique": ["Recours Exceptionnel"],
    "agemin": [18],
    "autres": ["duree > 21"],
    "diags": ["E76", "E743", "K90", "P77", "K50", "K51", "Q41", "Q431", "K912", "Z9482", "T8680"],
    "positions_diags": ["toutes"],
    "actes": ["HSLF001", "HSLF002", "HSLF003"],
    "date_saisie": ["2017-04-23T22:00:00Z"],
    "auteur": ["DGOS - ATIH"],
    "timestamp": [1493288078]
  },
  {
    "nom": ["Nutrition parent lg cours (hors séances) < 18 ans"],
    "abrege": ["nut_parenterale_enfant"],
    "thematique": ["Recours Exceptionnel"],
    "agemax": [17],
    "autres": ["duree > 10"],
    "diags": ["E76", "E743", "K90", "P77", "K50", "K51", "Q41", "Q431", "K912", "Z9482", "T8680"],
    "positions_diags": ["toutes"],
    "actes": ["HSLF001", "HSLF002", "HSLF003"],
    "date_saisie": ["2017-04-23T22:00:00Z"],
    "auteur": ["DGOS - ATIH"],
    "timestamp": [1493288162]
  },
  {
    "nom": ["Pelvectomie"],
    "abrege": ["pelvectomie"],
    "thematique": ["Recours Exceptionnel"],
    "actes": ["JFFA001", "JFFA004", "JFFA005", "JFFA008", "JFFA009", "JFFA011", "JFFA013", "JFFA016", "JFFA018", "JFFA019", "JFFA022"],
    "date_saisie": ["2017-04-23T22:00:00Z"],
    "auteur": ["DGOS - ATIH"],
    "timestamp": [1493288197]
  },
  {
    "nom": ["Perfusion isolée de membre"],
    "abrege": ["perfusion_isolee_membre"],
    "thematique": ["Recours Exceptionnel"],
    "actes": ["ZZLF004"],
    "date_saisie": ["2017-04-23T22:00:00Z"],
    "auteur": ["DGOS - ATIH"],
    "timestamp": [1493288220]
  },
  {
    "nom": ["Pose d'assistance circulatoire"],
    "abrege": ["pose_assistance_circu"],
    "thematique": ["Recours Exceptionnel"],
    "actes": ["EQKA003", "EQLA003", "EQLA004", "EQLA005", "EQLA006", "EQLA007", "EQLA008", "EQLA009", "EQLA010", "EQLA011"],
    "date_saisie": ["2017-05-03T22:00:00Z"],
    "auteur": ["DGOS - ATIH"],
    "timestamp": [1493908409]
  },
  {
    "nom": ["Réanimation néonatale chez les moins de 700g"],
    "abrege": ["rea_nnat_moins_700g"],
    "thematique": ["Recours Exceptionnel"],
    "poidsmax": [700],
    "autres": ["!is.na(poids) & poids != 0 & schpmsi != '9' & !(schpmsi == '7' & duree > 0 & duree < 6)"],
    "date_saisie": ["2017-04-23T22:00:00Z"],
    "auteur": ["DGOS - ATIH"],
    "timestamp": [1493288256]
  },
  {
    "nom": ["Reconstruction ORL par lambeaux libres (hors chirurgie des sarcomes)"],
    "abrege": ["reconstruction_orl_lambeaux"],
    "thematique": ["Recours Exceptionnel"],
    "autres": ["substr(ghm,1,3) == '03C'"],
    "actes": ["PZMA004", "PZMA005", "QZMA004", "QZMA005", "QZMA007"],
    "date_saisie": ["2017-04-23T22:00:00Z"],
    "auteur": ["DGOS - ATIH"],
    "timestamp": [1493288305]
  },
  {
    "nom": ["Reconstruction uro-génétale"],
    "abrege": ["reconstruction_uro_genetale"],
    "thematique": ["Recours Exceptionnel"],
    "diags": ["Q640", "Q641"],
    "positions_diags": ["toutes"],
    "actes": ["JELE001", "JDSA001", "JDCA001", "JDSA009", "JDSA003", "JDMA001", "JEMA002", "JHAA001"],
    "date_saisie": ["2017-05-03T22:00:00Z"],
    "auteur": ["DGOS - ATIH"],
    "timestamp": [1493908498]
  },
  {
    "nom": ["Réimplantation membres ou doigts"],
    "abrege": ["reimplant_membres_ou_doigts"],
    "thematique": ["Recours Exceptionnel"],
    "actes": ["MZEA002", "MZEA007", "MZEA011", "NZEA002", "NZEA007"],
    "date_saisie": ["2017-05-03T22:00:00Z"],
    "auteur": ["DGOS - ATIH"],
    "timestamp": [1493908550]
  },
  {
    "nom": ["Résection par thoracoscopie des lésions pulmonaires congénitales de diagnostic anténatal"],
    "abrege": ["resection_thora_lesion_pulmo_congenital_nne"],
    "thematique": ["Recours Exceptionnel"],
    "agemax": [2],
    "diags": ["Q33"],
    "positions_diags": ["toutes"],
    "actes": ["GFFA009", "GFFC002", "GFFC003", "GFFC004", "ZBQC001"],
    "date_saisie": ["2017-04-23T22:00:00Z"],
    "auteur": ["DGOS - ATIH"],
    "timestamp": [1493288355]
  },
  {
    "nom": ["Sphincter de l'anus"],
    "abrege": ["sphincter_anus"],
    "thematique": ["Recours Exceptionnel"],
    "actes": ["HKLA002"],
    "date_saisie": ["2017-05-03T22:00:00Z"],
    "auteur": ["DGOS - ATIH"],
    "timestamp": [1493908598]
  },
  {
    "nom": ["Thermo ablation de tumeur hépatique par radiofréquence peropératoire"],
    "abrege": ["thermo_ablation_tumeur_radiofrequence"],
    "thematique": ["Recours Exceptionnel"],
    "actes": ["HLNA007", "HLAC003"],
    "date_saisie": ["2017-04-23T22:00:00Z"],
    "auteur": ["DGOS - ATIH"],
    "timestamp": [1493288423]
  },
  {
    "nom": ["Thermo ablation de tumeur hépatique par radiofréquence, voie transcutanée"],
    "abrege": ["thermo_ablation_tumeur_voie_transcutanee"],
    "thematique": ["Recours Exceptionnel"],
    "actes": ["HLNK001", "HLNM001", "HLNN900"],
    "date_saisie": ["2017-04-23T22:00:00Z"],
    "auteur": ["DGOS - ATIH"],
    "timestamp": [1493288481]
  }
]
