{"chunk_definitions":[{"chunk_id":"cclzkivt769yv","chunk_label":"knitr_init","document_id":"9F730199","expansion_state":0,"options":{"cache":false,"echo":false,"engine":"r","label":"knitr_init"},"row":18,"row_count":1,"visible":true},{"chunk_id":"cih0am43yyvtn","chunk_label":"unnamed-chunk-2","document_id":"9F730199","expansion_state":0,"options":{"engine":"r","label":"unnamed-chunk-27"},"row":60,"row_count":1,"visible":true},{"chunk_id":"cl8ru85yr262a","chunk_label":"unnamed-chunk-3","document_id":"9F730199","expansion_state":0,"options":{"engine":"r","label":"unnamed-chunk-32"},"row":86,"row_count":1,"visible":true}],"doc_write_time":1520331242}